{
"Hi":"*Wassup*...? *How are You..! By the time you have sent this therefore I'm at school but I will be back on 30th April.*",
"Good Morning":"*Good Morning 🌅*",
"Good Night":"*Good Night..🌉*",
"Bye":"*Bye bye....*",
"Bestie":"*If this isn't Eve then whoever you are, I ain't ur bestie try else where*",
"owner":"*Jayden Java*🫀",
"Kk":"That's great u understand because if u send me another message I won't reply you until 30th April",
"Bro":"*Sap, whoever u are, Jayden ain't around and ur talking to his digital self. He will be back on 30th April so just be patient until then.*",
"Yoo":"*Hello how can i assist you?😣, sorry to tell you but Jayden ain't around now but this is his digital self ur talking to, he is currently at school.*",
"Ok":"*Its great u understand so if u send another message I won't reply you until May 2nd☺*",
"Jayden":"*Thats me, who are you?🌚, basically I'm not around now but u can talk to my digital self coded by the organic Jayden.*", 
"Hello":"*Hey human, this is Jayden's digital self talking to you. Sorry to say but Jayden is at school and he will be back on 30th April, stay safe*",
"Hey":"*Hi human, your currently talking to Jayden's digital self and per now he is at school waiting for him on 30th April hope that is clear, stay safe*",
"Yo":"*Whoever you are, Jayden is at school but he will soon be back on 30th April and this is his digital self ur speaking too*"
}
